<?xml version="1.0" encoding="UTF-8"?>
<GenRun Id="impl_1" LaunchPart="xc7a50tcsg324-1" LaunchTime="1519182480">
  <File Type="BITSTR-MMI" Name="top_code.mmi"/>
  <File Type="OPT-DCP" Name="top_code_opt.dcp"/>
  <File Type="POSTROUTE-PHYSOPT-BLACKBOX-DCP" Name="top_code_postroute_physopt_bb.dcp"/>
  <File Type="ROUTE-CLK" Name="top_code_clock_utilization_routed.rpt"/>
  <File Type="BITSTR-BMM" Name="top_code_bd.bmm"/>
  <File Type="PLACE-UTIL" Name="top_code_utilization_placed.rpt"/>
  <File Type="WBT-USG" Name="usage_statistics_webtalk.html"/>
  <File Type="BITSTR-NKY" Name="top_code.nky"/>
  <File Type="PLACE-IO" Name="top_code_io_placed.rpt"/>
  <File Type="ROUTE-TIMING-RPX" Name="top_code_timing_summary_routed.rpx"/>
  <File Type="BITSTR-RBT" Name="top_code.rbt"/>
  <File Type="ROUTE-DRC-RPX" Name="top_code_drc_routed.rpx"/>
  <File Type="ROUTE-PWR" Name="top_code_power_routed.rpt"/>
  <File Type="ROUTE-TIMINGSUMMARY" Name="top_code_timing_summary_routed.rpt"/>
  <File Type="BG-BIN" Name="top_code.bin"/>
  <File Type="PLACE-CTRL" Name="top_code_control_sets_placed.rpt"/>
  <File Type="BITSTR-SYSDEF" Name="top_code.sysdef"/>
  <File Type="PLACE-UTIL-PB" Name="top_code_utilization_placed.pb"/>
  <File Type="BITSTR-LTX" Name="top_code.ltx"/>
  <File Type="PWROPT-DCP" Name="top_code_pwropt.dcp"/>
  <File Type="REPORTS-TCL" Name="top_code_reports.tcl"/>
  <File Type="BG-BGN" Name="top_code.bgn"/>
  <File Type="ROUTE-BLACKBOX-DCP" Name="top_code_routed_bb.dcp"/>
  <File Type="PLACE-PRE-SIMILARITY" Name="top_code_incremental_reuse_pre_placed.rpt"/>
  <File Type="OPT-DRC" Name="top_code_drc_opted.rpt"/>
  <File Type="BG-DRC" Name="top_code.drc"/>
  <File Type="ROUTE-ERROR-DCP" Name="top_code_routed_error.dcp"/>
  <File Type="OPT-HWDEF" Name="top_code.hwdef"/>
  <File Type="ROUTE-STATUS" Name="top_code_route_status.rpt"/>
  <File Type="ROUTE-DCP" Name="top_code_routed.dcp"/>
  <File Type="ROUTE-DRC" Name="top_code_drc_routed.rpt"/>
  <File Type="ROUTE-METHODOLOGY-DRC" Name="top_code_methodology_drc_routed.rpt"/>
  <File Type="ROUTE-DRC-PB" Name="top_code_drc_routed.pb"/>
  <File Type="ROUTE-METHODOLOGY-DRC-PB" Name="top_code_methodology_drc_routed.pb"/>
  <File Type="ROUTE-PWR-RPX" Name="top_code_power_routed.rpx"/>
  <File Type="PHYSOPT-DCP" Name="top_code_physopt.dcp"/>
  <File Type="POSTROUTE-PHYSOPT-DCP" Name="top_code_postroute_physopt.dcp"/>
  <File Type="ROUTE-METHODOLOGY-DRC-RPX" Name="top_code_methodology_drc_routed.rpx"/>
  <File Type="ROUTE-PWR-SUM" Name="top_code_power_summary_routed.pb"/>
  <File Type="PLACE-DCP" Name="top_code_placed.dcp"/>
  <File Type="PA-TCL" Name="top_code.tcl"/>
  <File Type="ROUTE-TIMING-PB" Name="top_code_timing_summary_routed.pb"/>
  <File Type="BITSTR-MSK" Name="top_code.msk"/>
  <File Type="ROUTE-STATUS-PB" Name="top_code_route_status.pb"/>
  <File Type="BG-BIT" Name="top_code.bit"/>
  <File Type="POSTPLACE-PWROPT-DCP" Name="top_code_postplace_pwropt.dcp"/>
  <File Type="RDI-RDI" Name="top_code.vdi"/>
  <FileSet Name="sources" Type="DesignSrcs" RelSrcDir="$PSRCDIR/sources_1">
    <Filter Type="Srcs"/>
    <File Path="$PSRCDIR/sources_1/new/top_code.v">
      <FileInfo>
        <Attr Name="ImportPath" Val="$PPRDIR/../../../../Documents/my_first_project/my_first_project.srcs/sources_1/new/top_code.v"/>
        <Attr Name="ImportTime" Val="1522165680"/>
        <Attr Name="UsedIn" Val="synthesis"/>
        <Attr Name="UsedIn" Val="implementation"/>
        <Attr Name="UsedIn" Val="simulation"/>
      </FileInfo>
    </File>
    <Config>
      <Option Name="DesignMode" Val="RTL"/>
      <Option Name="TopModule" Val="top_code"/>
      <Option Name="TopAutoSet" Val="TRUE"/>
    </Config>
  </FileSet>
  <FileSet Name="constrs_in" Type="Constrs" RelSrcDir="$PSRCDIR/constrs_1">
    <Filter Type="Constrs"/>
    <Config>
      <Option Name="ConstrsType" Val="XDC"/>
    </Config>
  </FileSet>
  <Strategy Version="1" Minor="2">
    <StratHandle Name="Vivado Implementation Defaults" Flow="Vivado Implementation 2017"/>
    <Step Id="init_design"/>
    <Step Id="opt_design"/>
    <Step Id="power_opt_design"/>
    <Step Id="place_design"/>
    <Step Id="post_place_power_opt_design"/>
    <Step Id="phys_opt_design"/>
    <Step Id="route_design"/>
    <Step Id="post_route_phys_opt_design"/>
    <Step Id="write_bitstream"/>
  </Strategy>
</GenRun>
