<?xml version="1.0" encoding="UTF-8"?>
<GenRun Id="impl_1" LaunchPart="xc7a50tcsg324-1" LaunchTime="1526988542">
  <File Type="PA-TCL" Name="triggeres.tcl"/>
  <File Type="PLACE-DCP" Name="triggeres_placed.dcp"/>
  <File Type="REPORTS-TCL" Name="triggeres_reports.tcl"/>
  <File Type="PWROPT-DCP" Name="triggeres_pwropt.dcp"/>
  <File Type="OPT-DCP" Name="triggeres_opt.dcp"/>
  <File Type="OPT-DRC" Name="triggeres_drc_opted.rpt"/>
  <File Type="OPT-HWDEF" Name="triggeres.hwdef"/>
  <File Type="RDI-RDI" Name="triggeres.vdi"/>
  <File Type="PLACE-IO" Name="triggeres_io_placed.rpt"/>
  <File Type="PLACE-UTIL" Name="triggeres_utilization_placed.rpt"/>
  <File Type="PLACE-UTIL-PB" Name="triggeres_utilization_placed.pb"/>
  <File Type="PLACE-CTRL" Name="triggeres_control_sets_placed.rpt"/>
  <File Type="PLACE-PRE-SIMILARITY" Name="triggeres_incremental_reuse_pre_placed.rpt"/>
  <File Type="POSTPLACE-PWROPT-DCP" Name="triggeres_postplace_pwropt.dcp"/>
  <File Type="PHYSOPT-DCP" Name="triggeres_physopt.dcp"/>
  <File Type="BG-BIT" Name="triggeres.bit"/>
  <File Type="ROUTE-STATUS-PB" Name="triggeres_route_status.pb"/>
  <File Type="BG-BIN" Name="triggeres.bin"/>
  <File Type="ROUTE-TIMINGSUMMARY" Name="triggeres_timing_summary_routed.rpt"/>
  <File Type="BITSTR-MSK" Name="triggeres.msk"/>
  <File Type="ROUTE-TIMING-PB" Name="triggeres_timing_summary_routed.pb"/>
  <File Type="BITSTR-RBT" Name="triggeres.rbt"/>
  <File Type="ROUTE-TIMING-RPX" Name="triggeres_timing_summary_routed.rpx"/>
  <File Type="BITSTR-NKY" Name="triggeres.nky"/>
  <File Type="BITSTR-BMM" Name="triggeres_bd.bmm"/>
  <File Type="ROUTE-CLK" Name="triggeres_clock_utilization_routed.rpt"/>
  <File Type="BG-DRC" Name="triggeres.drc"/>
  <File Type="ROUTE-ERROR-DCP" Name="triggeres_routed_error.dcp"/>
  <File Type="BITSTR-MMI" Name="triggeres.mmi"/>
  <File Type="WBT-USG" Name="usage_statistics_webtalk.html"/>
  <File Type="POSTROUTE-PHYSOPT-BLACKBOX-DCP" Name="triggeres_postroute_physopt_bb.dcp"/>
  <File Type="BG-BGN" Name="triggeres.bgn"/>
  <File Type="ROUTE-BLACKBOX-DCP" Name="triggeres_routed_bb.dcp"/>
  <File Type="BITSTR-SYSDEF" Name="triggeres.sysdef"/>
  <File Type="BITSTR-LTX" Name="triggeres.ltx"/>
  <File Type="POSTROUTE-PHYSOPT-DCP" Name="triggeres_postroute_physopt.dcp"/>
  <File Type="ROUTE-STATUS" Name="triggeres_route_status.rpt"/>
  <File Type="ROUTE-PWR-RPX" Name="triggeres_power_routed.rpx"/>
  <File Type="ROUTE-PWR-SUM" Name="triggeres_power_summary_routed.pb"/>
  <File Type="ROUTE-METHODOLOGY-DRC-RPX" Name="triggeres_methodology_drc_routed.rpx"/>
  <File Type="ROUTE-PWR" Name="triggeres_power_routed.rpt"/>
  <File Type="ROUTE-DRC-RPX" Name="triggeres_drc_routed.rpx"/>
  <File Type="ROUTE-METHODOLOGY-DRC-PB" Name="triggeres_methodology_drc_routed.pb"/>
  <File Type="ROUTE-DRC-PB" Name="triggeres_drc_routed.pb"/>
  <File Type="ROUTE-METHODOLOGY-DRC" Name="triggeres_methodology_drc_routed.rpt"/>
  <File Type="ROUTE-DRC" Name="triggeres_drc_routed.rpt"/>
  <File Type="ROUTE-DCP" Name="triggeres_routed.dcp"/>
  <FileSet Name="sources" Type="DesignSrcs" RelSrcDir="$PSRCDIR/sources_1">
    <Filter Type="Srcs"/>
    <File Path="$PSRCDIR/sources_1/new/triggeres.v">
      <FileInfo>
        <Attr Name="UsedIn" Val="synthesis"/>
        <Attr Name="UsedIn" Val="implementation"/>
        <Attr Name="UsedIn" Val="simulation"/>
      </FileInfo>
    </File>
    <File Path="$PSRCDIR/sources_1/bd/design_1/design_1.bd">
      <FileInfo>
        <Attr Name="AutoDisabled" Val="1"/>
        <Attr Name="UsedIn" Val="synthesis"/>
        <Attr Name="UsedIn" Val="implementation"/>
        <Attr Name="UsedIn" Val="simulation"/>
      </FileInfo>
    </File>
    <Config>
      <Option Name="DesignMode" Val="RTL"/>
      <Option Name="TopModule" Val="triggeres"/>
      <Option Name="TopAutoSet" Val="TRUE"/>
    </Config>
  </FileSet>
  <FileSet Name="constrs_in" Type="Constrs" RelSrcDir="$PSRCDIR/constrs_1">
    <Filter Type="Constrs"/>
    <Config>
      <Option Name="ConstrsType" Val="XDC"/>
    </Config>
  </FileSet>
  <Strategy Version="1" Minor="2">
    <StratHandle Name="Vivado Implementation Defaults" Flow="Vivado Implementation 2017"/>
    <Step Id="init_design"/>
    <Step Id="opt_design"/>
    <Step Id="power_opt_design"/>
    <Step Id="place_design"/>
    <Step Id="post_place_power_opt_design"/>
    <Step Id="phys_opt_design"/>
    <Step Id="route_design"/>
    <Step Id="post_route_phys_opt_design"/>
    <Step Id="write_bitstream"/>
  </Strategy>
</GenRun>
